Time,ObjectID,transformedX,transformedY
2021-02-19 20:52:13.450831,1,0.04929411247527234,1.3590823376518237
2021-02-19 20:52:13.552506,1,0.04919546547431797,1.3594256825499034
2021-02-19 20:52:13.638506,1,0.048481559999485356,1.3593213939246007
2021-02-19 20:52:13.723506,1,0.04782524994162055,1.3585736396554189
2021-02-19 20:52:13.808505,1,0.04614462216427996,1.3590612597420821
2021-02-19 20:52:13.894624,1,0.045903215273396754,1.3598768212578445
2021-02-19 20:52:13.981099,1,0.044054468158655664,1.3595204444450695
2021-02-19 20:52:14.066098,1,0.052398410962450404,1.358416371843573
2021-02-19 20:52:14.153096,1,0.051493186177723464,1.3580222234626558
2021-02-19 20:52:14.238097,1,0.05044244959520273,1.3581190930547973
2021-02-19 20:52:14.323348,1,0.04931224906870478,1.358490683748101
2021-02-19 20:52:14.409349,1,0.04842042981493535,1.357894115138488
2021-02-19 20:52:14.523558,1,0.04725254951605089,1.358547181396744
2021-02-19 20:52:14.610557,1,0.048275409831482034,1.36360125819333
2021-02-19 20:52:14.693559,1,0.050293986211825306,1.3731074675565254
2021-02-19 20:52:14.784575,1,0.052642298130904985,1.369268721251893
2021-02-19 20:52:14.870577,1,0.05613421571928107,1.3673231649239974
2021-02-19 20:52:14.955832,1,0.049819183194428865,1.3669161829518506
2021-02-19 20:52:16.207841,1,0.051575564040645464,1.3813209431374553
2021-02-19 20:52:16.321938,1,0.05310729429879294,1.3759827218847493
2021-02-19 20:52:16.322971,2,1.1579478025592844,0.7363408282892633
2021-02-19 20:52:16.437297,1,0.053759805461238715,1.3732169266335164
2021-02-19 20:52:16.437297,2,1.1572641808406605,0.7356776439966153
2021-02-19 20:52:16.582298,1,0.05405676233452952,1.3701083089087631
2021-02-19 20:52:16.583296,2,1.1564169212805946,0.7348382246907791
2021-02-19 20:52:16.700005,1,0.053089158265362965,1.3677671636307445
2021-02-19 20:52:16.700005,2,1.1555970958657897,0.7341603612309704
2021-02-19 20:52:16.812004,1,0.05277429751902946,1.3649892863375208
2021-02-19 20:52:16.813010,2,1.1549334275791547,0.733407652213473
2021-02-19 20:52:16.924740,1,0.04935109608416125,1.377996950411725
2021-02-19 20:52:16.924740,2,1.1543974648434865,0.7322830550183468
2021-02-19 20:52:17.039742,1,0.041848460585494206,1.3715997986571424
2021-02-19 20:52:17.039742,2,1.1537970874088535,0.7300722612450536
2021-02-19 20:52:17.157017,1,0.048662071184125404,1.3660010450231064
2021-02-19 20:52:17.157017,2,1.1627279743367227,0.739154168614347
2021-02-19 20:52:17.268009,1,0.0458350175912112,1.37967650777734
2021-02-19 20:52:17.268009,2,1.166184436799243,0.7385304982427883
2021-02-19 20:52:17.380358,1,0.04405568303078668,1.3746318380793874
2021-02-19 20:52:17.381356,2,1.1631431658962283,0.7378161980756524
2021-02-19 20:52:19.096235,1,0.05202280353614718,1.3678148310351115
2021-02-19 20:52:19.097233,2,1.1601722176910148,0.7366769480349697
2021-02-19 20:52:19.238192,1,0.05100099770328063,1.3645199685891232
2021-02-19 20:52:19.238192,2,1.1640239542461268,0.7350353238221381
2021-02-19 20:52:19.239196,3,0.03914992880433092,0.19822549263165468
2021-02-19 20:52:19.378344,1,0.04596866597141183,1.3786457330417006
2021-02-19 20:52:19.378344,2,1.1609451481448996,0.7338434219203207
2021-02-19 20:52:19.379372,3,0.0393445346954593,0.1981542677592163
2021-02-19 20:52:19.519186,1,0.043124441863229564,1.3741113607027684
2021-02-19 20:52:19.519186,2,1.1580341010453883,0.7324176196664978
2021-02-19 20:52:19.519186,3,0.03933584291200632,0.1977691867396797
2021-02-19 20:52:19.697410,1,0.04909398565986412,1.36969772237495
2021-02-19 20:52:19.697410,2,1.162321664559235,0.7307724383252585
2021-02-19 20:52:19.698443,3,0.039169910802760374,0.1972980958427052
2021-02-19 20:52:19.838327,1,0.04635288702228163,1.3658100837307872
2021-02-19 20:52:19.838327,2,1.1658573891939714,0.7396302635263592
2021-02-19 20:52:19.838327,3,0.039044783323630664,0.19710278359510025
2021-02-19 20:52:19.982341,1,0.04261765681698028,1.3793596575667686
2021-02-19 20:52:19.982341,2,1.1645579562875181,0.7385145388008741
2021-02-19 20:52:19.983376,3,0.043383976758795406,0.19659497834643969
2021-02-19 20:52:20.123060,1,0.04949780790284483,1.3754137825085153
2021-02-19 20:52:20.124089,2,1.162822369966004,0.7365585313947827
2021-02-19 20:52:20.124089,3,0.04313264697504858,0.1963640098608439
2021-02-19 20:52:20.262660,1,0.04768213099368682,1.3737936483732869
2021-02-19 20:52:20.262660,2,1.1605196776535913,0.7346451534770462
2021-02-19 20:52:20.262660,3,0.04296104531734282,0.19626533062146112
2021-02-19 20:52:20.404787,1,0.046176886404220824,1.3706794539916685
2021-02-19 20:52:20.404787,2,1.159952001283857,0.733207361236059
2021-02-19 20:52:20.404787,3,0.04261157929240688,0.19579370738680646
2021-02-19 20:52:20.550074,1,0.044444441092026964,1.3679152582274887
2021-02-19 20:52:20.550074,2,1.1595248401153009,0.7320236570521137
2021-02-19 20:52:20.550074,3,0.04238609726892692,0.19515553684943765
2021-02-19 20:52:20.730075,1,0.05147365361910665,1.3632772058322362
2021-02-19 20:52:20.730075,2,1.1526468860217298,0.7313551879739619
2021-02-19 20:52:20.731101,3,0.04158179176518628,0.19932245906339274
2021-02-19 20:52:20.869336,1,0.04930704961553537,1.3780546130494638
2021-02-19 20:52:20.870365,2,1.157749104688428,0.7395882303395409
2021-02-19 20:52:20.870365,3,0.04127654246382088,0.19817189274761382
2021-02-19 20:52:21.009501,1,0.04688571271411209,1.374489406668391
2021-02-19 20:52:21.009501,2,1.1568355143102609,0.7383720986673328
2021-02-19 20:52:21.009501,3,0.04087869151299961,0.19682330595772957
2021-02-19 20:52:21.148524,1,0.04553265849844566,1.3703098438589492
2021-02-19 20:52:21.148524,2,1.1558080985824335,0.7370207167124228
2021-02-19 20:52:21.148524,3,0.04066541389327808,0.19550342833397738
2021-02-19 20:52:21.287526,1,0.044259627401660326,1.366503715078166
2021-02-19 20:52:21.287526,2,1.154887115407357,0.7355420651899116
2021-02-19 20:52:21.288559,3,0.039782350072535215,0.19901940448297617
2021-02-19 20:52:21.427527,1,0.051916475653255335,1.3798898031605136
2021-02-19 20:52:21.427527,2,1.153873721707482,0.7339270169033831
2021-02-19 20:52:21.427527,3,0.039333297257816764,0.1979659218372084
2021-02-19 20:52:21.567970,1,0.05013283530157395,1.3770761190829526
2021-02-19 20:52:21.569003,2,1.1527788553707898,0.7324656742927271
2021-02-19 20:52:21.569003,3,0.03890651478927023,0.1973882474708164
2021-02-19 20:52:21.751031,1,0.04945368612974911,1.3744312584257465
2021-02-19 20:52:21.751031,2,1.1522964872132293,0.731798077324904
2021-02-19 20:52:21.751031,3,0.04294291393446085,0.19697046104218896
2021-02-19 20:52:21.889195,1,0.048101770916141574,1.371873860528865
2021-02-19 20:52:21.889195,2,1.163761064990848,0.7400030631084196
2021-02-19 20:52:21.890209,3,0.04238119933478737,0.19597421772341017
2021-02-19 20:52:22.030290,1,0.04685947431820696,1.3700135371230115
2021-02-19 20:52:22.030290,2,1.1626092204403369,0.7385934964369985
2021-02-19 20:52:22.031317,3,0.04179323077059415,0.1949951594553193
2021-02-19 20:52:22.171357,1,0.04558406884969763,1.3687886769468913
2021-02-19 20:52:22.171357,2,1.1616547987051238,0.7373452787348622
2021-02-19 20:52:22.171357,3,0.04106067260022065,0.19929796857181115
2021-02-19 20:52:22.311356,1,0.04465973247943602,1.3668771999427225
2021-02-19 20:52:22.311356,2,1.1608532515053067,0.7364270596152056
2021-02-19 20:52:22.312355,3,0.0405856743434908,0.19863330071706775
2021-02-19 20:52:22.450484,1,0.05266688339311235,1.3811637210189747
2021-02-19 20:52:22.450484,2,1.159767073394572,0.7355137924021184
2021-02-19 20:52:22.450484,3,0.04025921880623385,0.19798413566840556
2021-02-19 20:52:22.588484,1,0.052043363279085667,1.379000488827258
2021-02-19 20:52:22.588484,2,1.1589590468892728,0.7350045064641214
2021-02-19 20:52:22.588484,3,0.039641555534279206,0.19745423176706478
2021-02-19 20:52:22.774484,1,0.05088576870829771,1.3783952934122081
2021-02-19 20:52:22.774484,2,1.1583852077656187,0.7350931955801201
2021-02-19 20:52:22.774484,3,0.03898447108055989,0.19699262314026922
2021-02-19 20:52:22.912654,1,0.04936724667896309,1.377235360594682
2021-02-19 20:52:22.912654,2,1.1577469053721512,0.735014909279927
2021-02-19 20:52:22.912654,3,0.04313032726874237,0.1963609918461794
2021-02-19 20:52:23.061371,1,0.04904765452876712,1.3761424494241086
2021-02-19 20:52:23.062371,2,1.1568133938896485,0.7348060199389481
2021-02-19 20:52:23.062371,3,0.042438336087085464,0.19575472726939847
2021-02-19 20:52:23.202371,1,0.049444358056997095,1.374138051245653
2021-02-19 20:52:23.203369,2,1.1561117540493338,0.73449411803331
2021-02-19 20:52:23.203369,3,0.042043112738428666,0.19521095189911108
2021-02-19 20:52:23.359370,1,0.05561780647009336,1.3724073098883327
2021-02-19 20:52:23.360371,2,1.1556378411213486,0.7344536031556521
2021-02-19 20:52:23.360371,3,0.04191626594640942,0.19905289741329657
2021-02-19 20:52:23.495448,1,0.0589040568863402,1.3694504730743922
2021-02-19 20:52:23.496451,2,1.155078532661985,0.7340648959779454
2021-02-19 20:52:23.496451,3,0.04130035309377083,0.1983793156348097
2021-02-19 20:52:23.633625,1,0.07239832322467366,1.364284797301527
2021-02-19 20:52:23.634623,2,1.15470535475514,0.7341873465337752
2021-02-19 20:52:23.634623,3,0.04171852393462344,0.19841749957346078
2021-02-19 20:52:23.820625,1,0.09421742346605715,1.363745623094835
2021-02-19 20:52:23.820625,2,1.1544825160479417,0.7344830188800249
2021-02-19 20:52:23.821652,3,0.0421203170400726,0.19815384686390225
2021-02-19 20:52:23.957624,1,0.1236194072881077,1.3509638934809531
2021-02-19 20:52:23.958626,2,1.1542568825500739,0.7343388740277652
2021-02-19 20:52:23.958626,3,0.04142788984562044,0.19880703880986883
2021-02-19 20:52:24.101624,1,0.14140494480692015,1.3590167564047269
2021-02-19 20:52:24.102623,2,1.1541611996331491,0.734275568398228
2021-02-19 20:52:24.102623,3,0.04109703117983066,0.19930377803882815
2021-02-19 20:52:24.244027,1,0.17008441666297805,1.3411628053777167
2021-02-19 20:52:24.245055,2,1.1546572187503648,0.7349550472615421
2021-02-19 20:52:24.245055,3,0.04037906980666871,0.20065151150855576
2021-02-19 20:52:24.386027,1,0.18717382194591464,1.335244920722403
2021-02-19 20:52:24.386027,2,1.154684135838097,0.734330272996855
2021-02-19 20:52:24.386027,3,0.0399013889526827,0.19753007516436605
2021-02-19 20:52:24.529026,1,0.220102137072431,1.3406575482575749
2021-02-19 20:52:24.529026,2,1.1552306094932336,0.7346839718390648
2021-02-19 20:52:24.530027,3,0.03880291191756317,0.19757211039159128
2021-02-19 20:52:24.673026,1,0.24682814074794374,1.3394224259249787
2021-02-19 20:52:24.673026,2,1.1562420143273673,0.7359511824689002
2021-02-19 20:52:24.673026,3,0.04224891896532387,0.19590049369491647
2021-02-19 20:52:24.862027,1,0.2586812976402692,1.3536624142180336
2021-02-19 20:52:24.862027,2,1.1580841469883636,0.7389646575742277
2021-02-19 20:52:24.862027,3,0.040593613462452806,0.19500339669494493
2021-02-19 20:52:25.001025,1,0.28747962993816595,1.3370677548252388
2021-02-19 20:52:25.001025,2,1.1605679933187976,0.7431899594904369
2021-02-19 20:52:25.001025,3,0.03868818849959953,0.19814043393543035
2021-02-19 20:52:25.139026,1,0.31048404538495095,1.3346790503365904
2021-02-19 20:52:25.140030,2,1.1576914618044625,0.7382788807216998
2021-02-19 20:52:25.140030,3,0.04219871760100408,0.1964125257928464
2021-02-19 20:52:25.279108,1,0.34040429516523457,1.333211773269476
2021-02-19 20:52:25.279108,2,1.1601634198646973,0.7424167062848496
2021-02-19 20:52:25.280109,3,0.04069096418270074,0.19560097105368346
2021-02-19 20:52:25.417108,1,0.3668467561776107,1.3248217953125632
2021-02-19 20:52:25.417108,2,1.1566230262332466,0.7362571927250978
2021-02-19 20:52:25.417108,3,0.03822677689598014,0.19937019780977305
2021-02-19 20:52:25.557237,1,0.3920063133810128,1.3201896318726831
2021-02-19 20:52:25.557237,2,1.158500127277216,0.7394648271844865
2021-02-19 20:52:25.557237,3,0.04060151417758148,0.19950096962693398
2021-02-19 20:52:25.698341,1,0.41129794273872194,1.3079937934731496
2021-02-19 20:52:25.698341,2,1.1602637541753098,0.7416312187650649
2021-02-19 20:52:25.699376,3,0.03716319705457253,0.20141437124098094
2021-02-19 20:52:25.891343,1,0.4382075374512296,1.313469272589797
2021-02-19 20:52:25.892344,2,1.155546411562264,0.7302840877312424
2021-02-19 20:52:25.892344,3,0.036953990264805385,0.19888321353207306
2021-02-19 20:52:26.066343,1,0.4699715330824728,1.3042980280275032
2021-02-19 20:52:26.066343,2,1.1632888543882653,0.7345545644405238
2021-02-19 20:52:26.066343,3,0.03310589159275967,0.20499019109475702
2021-02-19 20:52:26.210343,1,0.4932804961425384,1.3068217635012336
2021-02-19 20:52:26.211371,2,1.1571948763474202,0.7251841353389865
2021-02-19 20:52:26.211371,3,0.03350398809853598,0.2073809704276225
2021-02-19 20:52:26.360425,1,0.5158073128985942,1.3079665742277462
2021-02-19 20:52:26.361426,2,1.1550072669307994,0.7206168460233018
2021-02-19 20:52:26.361426,3,0.029249111445237057,0.20536742311660094
2021-02-19 20:52:26.506425,1,0.525579174431423,1.309824799767592
2021-02-19 20:52:26.507427,2,1.1591515846761697,0.7270825562104457
2021-02-19 20:52:26.507427,3,0.03019167940322953,0.2066799311509142
2021-02-19 20:52:26.647480,1,0.5493512873352427,1.3204555547836503
2021-02-19 20:52:26.647480,2,1.1577968454080578,0.7237373540204133
2021-02-19 20:52:26.647480,3,0.030777823760293126,0.20490926001318077
2021-02-19 20:52:26.787483,1,0.5586921534318967,1.320517643250715
2021-02-19 20:52:26.787483,2,1.155692333359588,0.7199253329970248
2021-02-19 20:52:26.787483,3,0.03118026374575092,0.2072700512193919
2021-02-19 20:52:26.978480,1,0.5724475663195807,1.3255053882356904
2021-02-19 20:52:26.978480,2,1.1595324581077222,0.7266929778613126
2021-02-19 20:52:26.978480,3,0.03196568879961841,0.2059926720089913
2021-02-19 20:52:27.119416,1,0.5845444249998828,1.3308185349664683
2021-02-19 20:52:27.119416,2,1.1582736542467778,0.7242181016850809
2021-02-19 20:52:27.119416,3,0.033120164031766784,0.20454768890581088
2021-02-19 20:52:27.261525,1,0.5891348376811911,1.314112867574922
2021-02-19 20:52:27.261525,2,1.1576065506803344,0.7224000259387926
2021-02-19 20:52:27.261525,3,0.033861018727886015,0.2077401453147627
2021-02-19 20:52:27.400994,1,0.5938427450814903,1.2899231730549843
2021-02-19 20:52:27.400994,2,1.1567084249634398,0.7200942057215024
2021-02-19 20:52:27.400994,3,0.03041463842028893,0.2069794007552873
2021-02-19 20:52:27.540097,1,0.593967496268908,1.2779778571191536
2021-02-19 20:52:27.540097,2,1.160931012238823,0.7265581098612981
2021-02-19 20:52:27.540097,3,0.03179680901570942,0.20530626363018079
2021-02-19 20:52:27.684150,1,0.5921732792863582,1.2797403600251511
2021-02-19 20:52:27.684150,2,1.1599013342868112,0.7252265791489918
2021-02-19 20:52:27.685150,3,0.03269767851035313,0.20786175504947535
2021-02-19 20:52:27.827047,1,0.6013744919740204,1.2788419452400919
2021-02-19 20:52:27.828052,2,1.1580581815745503,0.7245487355530036
2021-02-19 20:52:27.828052,3,0.03504641720730815,0.2045535075232886
2021-02-19 20:52:28.040136,1,0.608203645317087,1.2853235225133295
2021-02-19 20:52:28.041139,2,1.1563577499608872,0.7236447346362695
2021-02-19 20:52:28.041139,3,0.03238857077255125,0.20572065583778465
2021-02-19 20:52:28.180204,1,0.6112987822190477,1.2998426935011995
2021-02-19 20:52:28.180204,2,1.1550725041309993,0.7228430187510648
2021-02-19 20:52:28.180204,3,0.03412439758689548,0.2034422750460666
2021-02-19 20:52:28.319202,1,0.61193297308168,1.2989285674097073
2021-02-19 20:52:28.319202,2,1.1541030002463866,0.7221405611403193
2021-02-19 20:52:28.319202,3,0.031939069647500776,0.20305033773397618
2021-02-19 20:52:28.458211,1,0.6131298357313806,1.2980411599836024
2021-02-19 20:52:28.458211,2,1.1534618492889839,0.7217914523687693
2021-02-19 20:52:28.458211,3,0.0332497355290772,0.20588295034280302
2021-02-19 20:52:28.597223,1,0.6143036878616177,1.2966484931710973
2021-02-19 20:52:28.597223,2,1.1592036712929232,0.7316218760997055
2021-02-19 20:52:28.598221,3,0.0365656854843783,0.2019579341645713
2021-02-19 20:52:28.736259,1,0.6146291957054449,1.2954894217784596
2021-02-19 20:52:28.736259,2,1.157550880999466,0.7309634830691905
2021-02-19 20:52:28.736259,3,0.03329233375978152,0.20561835363248848
2021-02-19 20:52:28.875266,1,0.6064219719328471,1.2950680154537444
2021-02-19 20:52:28.875266,2,1.168984590093647,0.744110001409158
2021-02-19 20:52:28.875266,3,0.03466639158632073,0.20397773959280352
2021-02-19 20:52:29.089294,1,0.6071687319087296,1.2938240330384887
2021-02-19 20:52:29.089294,2,1.1655572089870643,0.7432930619091636
2021-02-19 20:52:29.090328,3,0.03079849910306611,0.2071556168014308
2021-02-19 20:52:29.272362,1,0.6080436718658011,1.2932108473510515
2021-02-19 20:52:29.272362,2,1.1669044366840804,0.7418888380176133
2021-02-19 20:52:29.272362,3,0.03243599284690167,0.20447892063567907
2021-02-19 20:52:29.444363,1,0.6083871903282482,1.293188467045306
2021-02-19 20:52:29.444363,2,1.1612903888152128,0.7421796978694516
2021-02-19 20:52:29.444363,3,0.033776024079527935,0.20612104714107016
2021-02-19 20:52:29.642374,1,0.60917838443433,1.2931282015035657
2021-02-19 20:52:29.642374,2,1.1616692220485294,0.7409204130418858
2021-02-19 20:52:29.642374,3,0.030994115203054735,0.20274403950409192
2021-02-19 20:52:29.821429,1,0.6097550930445679,1.2933935455138894
2021-02-19 20:52:29.822433,2,1.167654584362033,0.7473988304895243
2021-02-19 20:52:29.822433,3,0.03187623885139793,0.20369421034004898
2021-02-19 20:52:30.004429,1,0.6099147489387146,1.293321792189058
2021-02-19 20:52:30.004429,2,1.166865190114662,0.7381289090568773
2021-02-19 20:52:30.005429,3,0.03158333205943101,0.20361479077434952
2021-02-19 20:52:30.226519,1,0.6100331642861646,1.2929248095364696
2021-02-19 20:52:30.226519,2,1.1619270554222676,0.7314655510599171
2021-02-19 20:52:30.226519,3,0.03016085043221721,0.2014415629300612
2021-02-19 20:52:30.405573,1,0.6099861402784547,1.2929187936791902
2021-02-19 20:52:30.405573,2,1.156665287529233,0.7237046063720198
2021-02-19 20:52:30.406572,3,0.02846858339755591,0.19934825231042463
2021-02-19 20:52:30.545574,1,0.6098540958705541,1.293245853001678
2021-02-19 20:52:30.545574,2,1.1563732418803712,0.7237186047163104
2021-02-19 20:52:30.545574,3,0.031007157967959106,0.20075876860423159
2021-02-19 20:52:30.686573,1,0.609430642619526,1.2929916321965198
2021-02-19 20:52:30.687575,2,1.1561266443841374,0.7239825979928045
2021-02-19 20:52:30.687575,3,0.0281133228548264,0.19913606638774017
2021-02-19 20:52:30.826573,1,0.6089620041355397,1.2916778655008367
2021-02-19 20:52:30.826573,2,1.1581264461985459,0.7288729246018169
2021-02-19 20:52:30.826573,3,0.02957228638990914,0.2016699438543268
2021-02-19 20:52:30.964573,1,0.6088131132123314,1.2911316969055102
2021-02-19 20:52:30.964573,2,1.1598933558272857,0.7345363515883525
2021-02-19 20:52:30.965577,3,0.027005365970729348,0.20044531582658487
2021-02-19 20:52:31.105573,1,0.6086625996565785,1.2893304708274427
2021-02-19 20:52:31.105573,2,1.161847766735737,0.7296659489742252
2021-02-19 20:52:31.105573,3,0.029894314927271286,0.2039778490211206
2021-02-19 20:52:31.322574,1,0.6089102221624982,1.2881918912147328
2021-02-19 20:52:31.323577,2,1.1625313099923416,0.7340730628344718
2021-02-19 20:52:31.323577,3,0.029479099523672843,0.20424881852295862
2021-02-19 20:52:31.515573,1,0.6130569045193216,1.305533940979162
2021-02-19 20:52:31.515573,2,1.1560452626088942,0.7244300087274294
2021-02-19 20:52:31.515573,3,0.030612597479925212,0.20577942938984284
2021-02-19 20:52:31.709573,1,0.6098072204475262,1.2888330140101485
2021-02-19 20:52:31.709573,2,1.155126608949753,0.7234714855439018
2021-02-19 20:52:31.709573,3,0.03154959267460255,0.2041362802120813
2021-02-19 20:52:31.893575,1,0.6100881630375372,1.2884049630819931
2021-02-19 20:52:31.894572,2,1.154701801325517,0.7225598179602006
2021-02-19 20:52:31.894572,3,0.032443555553906975,0.20635728186538027
2021-02-19 20:52:32.081574,1,0.6107354134313633,1.287857932043987
2021-02-19 20:52:32.081574,2,1.1556351489575338,0.7244202686244318
2021-02-19 20:52:32.082577,3,0.033562301548950346,0.2035781077741302
2021-02-19 20:52:32.283572,1,0.6144415150214387,1.3014461281243686
2021-02-19 20:52:32.284573,2,1.159132954531316,0.7307317685410303
2021-02-19 20:52:32.284573,3,0.034245261950293815,0.20586578424617996
2021-02-19 20:52:32.489577,1,0.6143565209571918,1.2953517170714637
2021-02-19 20:52:32.489577,2,1.1629991581304275,0.737667847805604
2021-02-19 20:52:32.489577,3,0.0305564441946407,0.2019250229143852
2021-02-19 20:52:32.673574,1,0.612787184232425,1.2772941098155477
2021-02-19 20:52:32.674601,2,1.1612705564868737,0.7349018376399411
2021-02-19 20:52:32.674601,3,0.03138705456198473,0.20262149394631668
2021-02-19 20:52:32.815573,1,0.6100941557047134,1.254357470981321
2021-02-19 20:52:32.815573,2,1.1557011962272474,0.7254247976668969
2021-02-19 20:52:32.815573,3,0.031059276346040388,0.20147893423717678
2021-02-19 20:52:32.961574,1,0.6234492746225953,1.2263486400689878
2021-02-19 20:52:32.962608,2,1.1557841493677128,0.7243146013459245
2021-02-19 20:52:32.962608,3,0.029734510640801445,0.1998494793628507
2021-02-19 20:52:33.102573,1,0.6321950110575442,1.2202748924347073
2021-02-19 20:52:33.102573,2,1.1552372957898525,0.7226779773622696
2021-02-19 20:52:33.103607,3,0.027418762155731465,0.2022948407151215
2021-02-19 20:52:33.258573,1,0.6342219138582496,1.1890935583868214
2021-02-19 20:52:33.258573,2,1.1550942695366226,0.7217216099827397
2021-02-19 20:52:33.258573,3,0.029601481029779768,0.20095464804839092
2021-02-19 20:52:33.486574,1,0.6458370575355198,1.159122912765937
2021-02-19 20:52:33.487598,2,1.1568277987741975,0.7245620933712923
2021-02-19 20:52:33.487598,3,0.026122444635394163,0.20036041467801435
2021-02-19 20:52:33.689574,1,0.6417059515273815,1.1371556391625115
2021-02-19 20:52:33.690581,2,1.1613941917340243,0.7325345053481036
2021-02-19 20:52:33.690581,3,0.027003700746556305,0.20497626127458313
2021-02-19 20:52:33.880576,1,0.6527011158715045,1.116792279060377
2021-02-19 20:52:33.880576,2,1.161383042048586,0.733860342640728
2021-02-19 20:52:33.880576,3,0.028508808284463134,0.20414362382702356
2021-02-19 20:52:34.079573,1,0.6474041159846565,1.0784257681698128
2021-02-19 20:52:34.079573,2,1.1633202498374768,0.7404351360809214
2021-02-19 20:52:34.079573,3,0.029752599968631617,0.20360863767932003
2021-02-19 20:52:34.276578,1,0.6491401679312908,1.0126007047584364
2021-02-19 20:52:34.276578,2,1.1737016568930165,0.7514147080041872
2021-02-19 20:52:34.276578,3,0.02670041007221869,0.20426443533580363
2021-02-19 20:52:34.488573,1,0.6583462098449677,0.9845589552833316
2021-02-19 20:52:34.489575,2,1.1641706215231304,0.741402018755371
2021-02-19 20:52:34.489575,3,0.03021793616199732,0.20482187009365915
2021-02-19 20:52:34.707574,1,0.6564810072086306,0.9545036951348917
2021-02-19 20:52:34.707574,2,1.1665651761191658,0.7408695040034584
2021-02-19 20:52:34.707574,3,0.029838120697902946,0.2058781781600315
2021-02-19 20:52:34.905574,1,0.6594327390935517,0.9306789916446735
2021-02-19 20:52:34.906574,2,1.1696857626521027,0.7515936439649498
2021-02-19 20:52:34.906574,3,0.0313486132482828,0.20257654436980055
2021-02-19 20:52:35.104575,1,0.6546715679358877,0.8904856660585356
2021-02-19 20:52:35.104575,2,1.1660014627785773,0.7363565463740597
2021-02-19 20:52:35.105590,3,0.032017611214125496,0.20539052924832757
2021-02-19 20:52:35.304574,1,0.6722071238932091,0.8735522338526681
2021-02-19 20:52:35.304574,2,1.1650581660398074,0.7365613169897477
2021-02-19 20:52:35.304574,3,0.03271009453018346,0.20827952742514255
2021-02-19 20:52:35.505573,1,0.6732882629763807,0.8466143378721973
2021-02-19 20:52:35.506577,2,1.1630344473041603,0.7329960413368464
2021-02-19 20:52:35.506577,3,0.03444429518083878,0.2057163224492723
2021-02-19 20:52:35.738573,1,0.6740207819523357,0.8147988634299254
2021-02-19 20:52:35.739577,2,1.1598924990595005,0.7271224109077937
2021-02-19 20:52:35.739577,3,0.030918773375791887,0.20357783770388338
2021-02-19 20:52:35.935827,1,0.6961759188414043,0.8039704053265082
2021-02-19 20:52:35.935827,2,1.161582862079575,0.7296444333081565
2021-02-19 20:52:35.935827,3,0.03206695394653929,0.20620229591514516
2021-02-19 20:52:36.137829,1,0.6948234076551557,0.7598078070112866
2021-02-19 20:52:36.138831,2,1.1656062074002438,0.7359647202841163
2021-02-19 20:52:36.138831,3,0.032713570549218175,0.2032649148012693
2021-02-19 20:52:36.347828,1,0.7014383169812524,0.7258648217221181
2021-02-19 20:52:36.347828,2,1.165726610204207,0.7367007277942704
2021-02-19 20:52:36.347828,3,0.03336007751191968,0.20379861881225714
2021-02-19 20:52:36.551830,1,0.7071716849229254,0.7075573486822357
2021-02-19 20:52:36.551830,2,1.166582010118739,0.7390801913681049
2021-02-19 20:52:36.551830,3,0.03404770238496018,0.20304824804278765
2021-02-19 20:52:36.792832,1,0.7228197633232399,0.6448571687567439
2021-02-19 20:52:36.792832,2,1.1680658634376593,0.742459270457962
2021-02-19 20:52:36.792832,3,0.02794767389744436,0.20166029483627324
2021-02-19 20:52:36.992691,1,0.7323510679593117,0.6220251149955272
2021-02-19 20:52:36.992691,2,1.1638302032794365,0.7364503255374513
2021-02-19 20:52:36.992691,3,0.03191185096711732,0.1990972176164728
2021-02-19 20:52:37.192161,1,0.7396127945444959,0.596246320000941
2021-02-19 20:52:37.192161,2,1.1654106456488105,0.739778185914931
2021-02-19 20:52:37.192161,3,0.030522436864950115,0.20221613215407308
2021-02-19 20:52:37.349161,1,0.7573386939292418,0.56621510740433
2021-02-19 20:52:37.349161,2,1.166771696491631,0.7428971419889272
2021-02-19 20:52:37.349161,3,0.03049666027292145,0.20132117102420566
2021-02-19 20:52:37.561164,1,0.7529603368386447,0.5463008167685903
2021-02-19 20:52:37.561164,2,1.1621418441424,0.736370627228121
2021-02-19 20:52:37.561164,3,0.031174269281063764,0.20193759680216516
2021-02-19 20:52:37.788163,1,0.759586169111859,0.5081207135741994
2021-02-19 20:52:37.788163,2,1.1632824597627014,0.7392916075480919
2021-02-19 20:52:37.788163,3,0.031305023543097416,0.20495581470093516
2021-02-19 20:52:38.003166,1,0.7778286115862769,0.4821866366581242
2021-02-19 20:52:38.003166,2,1.1703884768107458,0.7413775533805536
2021-02-19 20:52:38.003166,3,0.03207056039818376,0.2083938444404787
2021-02-19 20:52:38.206163,1,0.7784319256828186,0.44520216005598146
2021-02-19 20:52:38.206163,2,1.165508459149769,0.7349241600655582
2021-02-19 20:52:38.206163,3,0.03299849383239556,0.20762974517186783
2021-02-19 20:52:38.411162,1,0.7809637077884501,0.4096116616949411
2021-02-19 20:52:38.411162,2,1.1666366537888984,0.7379177145987759
2021-02-19 20:52:38.411162,3,0.0337846664674581,0.20635751017942283
2021-02-19 20:52:38.613206,1,0.790780926462759,0.3856539536759356
2021-02-19 20:52:38.613206,2,1.1675636945636862,0.740642092538202
2021-02-19 20:52:38.614239,3,0.02968469422025994,0.20444303653619011
2021-02-19 20:52:38.821204,1,0.7846755449950428,0.35066095208593684
2021-02-19 20:52:38.822256,2,1.1685528781779289,0.7434919710778252
2021-02-19 20:52:38.822256,3,0.0298026137438464,0.20479510306772997
2021-02-19 20:52:39.066204,1,0.7876689448556402,0.3240348357791992
2021-02-19 20:52:39.067205,2,1.1634877894473894,0.7364803843408576
2021-02-19 20:52:39.067205,3,0.029016117928101437,0.20347871561585285
2021-02-19 20:52:39.271204,1,0.7943691003994975,0.297083442328372
2021-02-19 20:52:39.272230,2,1.1640430984498071,0.7390293781826585
2021-02-19 20:52:39.272230,3,0.027435892775183924,0.20025349576689266
2021-02-19 20:52:39.471204,1,0.8014147077764517,0.2636184705608321
2021-02-19 20:52:39.472202,2,1.1645949885417126,0.7419812197811559
2021-02-19 20:52:39.472202,3,0.03035468829022814,0.20343481837182176
2021-02-19 20:52:39.679204,1,0.8124441575513218,0.24915683347207684
2021-02-19 20:52:39.679204,2,1.1663467341022278,0.7354842628552188
2021-02-19 20:52:39.680209,3,0.03072193843513593,0.20419161268389763
2021-02-19 20:52:39.880586,1,0.8171118886171597,0.23862485599673544
2021-02-19 20:52:39.880586,2,1.168285563631204,0.7397136415171861
2021-02-19 20:52:39.880586,3,0.03136512354978508,0.20523655339217595
2021-02-19 20:52:40.116975,1,0.8127529094958726,0.23648236008489154
2021-02-19 20:52:40.117974,2,1.170245573936252,0.7439324648576799
2021-02-19 20:52:40.117974,3,0.03181969750385766,0.20438299040728458
2021-02-19 20:52:40.273978,1,0.8122884993062187,0.2324235299223314
2021-02-19 20:52:40.273978,2,1.1667726732362291,0.7386239073637086
2021-02-19 20:52:40.273978,3,0.033106333531313356,0.20015498071179927
2021-02-19 20:52:40.439975,1,0.8190220820198495,0.2395103926644686
2021-02-19 20:52:40.439975,2,1.168506825926306,0.7423188518419506
2021-02-19 20:52:40.439975,3,0.03850012486890533,0.1999735990385627
2021-02-19 20:52:40.604155,1,0.8193021153830048,0.24059436003184276
2021-02-19 20:52:40.604155,2,1.1652846597421893,0.7373628320840737
2021-02-19 20:52:40.604155,3,0.04518098278798215,0.20365363971265948
2021-02-19 20:52:40.773157,1,0.8194826088745915,0.2401992983945862
2021-02-19 20:52:40.774156,2,1.1673404182175928,0.7411633167563847
2021-02-19 20:52:40.774156,3,0.05347722770998846,0.2083136471019419
2021-02-19 20:52:40.935156,1,0.8182455010163716,0.23669267607242772
2021-02-19 20:52:40.936157,2,1.1630084499411804,0.73472382590295
2021-02-19 20:52:40.936157,3,0.06321652143875614,0.21543108986720394
2021-02-19 20:52:41.167155,1,0.8248469136034745,0.2435129514078569
2021-02-19 20:52:41.167155,2,1.1639544737852674,0.7378221721972003
2021-02-19 20:52:41.167155,3,0.08298434520038722,0.2408974971689476
2021-02-19 20:52:41.337607,1,0.8226314483047387,0.2444109643895097
2021-02-19 20:52:41.337607,2,1.164729132295873,0.7407182688161854
2021-02-19 20:52:41.337607,3,0.10267858910832703,0.25986329697800714
2021-02-19 20:52:41.506607,1,0.8222308377301838,0.2400055832155028
2021-02-19 20:52:41.506607,2,1.165610250204413,0.744218032896553
2021-02-19 20:52:41.506607,3,0.12838792558347997,0.28863839268148983
2021-02-19 20:52:41.666609,1,0.8239024940170655,0.24046470271172427
2021-02-19 20:52:41.666609,2,1.1671658931412383,0.7377835236628782
2021-02-19 20:52:41.667609,3,0.1450501809185564,0.3042386085807177
2021-02-19 20:52:41.826608,1,0.8209537232831412,0.24037271547525818
2021-02-19 20:52:41.827607,2,1.1673613061050965,0.740361036154692
2021-02-19 20:52:41.827607,3,0.16506175793936453,0.31649805378586326
2021-02-19 20:52:41.984608,1,0.8199984009343159,0.2360341454767828
2021-02-19 20:52:41.985643,2,1.167424644864628,0.7451089199521563
2021-02-19 20:52:41.985643,3,0.1747096797692062,0.33840306740465476
2021-02-19 20:52:42.214608,1,0.8235499263858165,0.2360117546672118
2021-02-19 20:52:42.214608,2,1.1602426004610191,0.739901613055933
2021-02-19 20:52:42.214608,3,0.20366771158762337,0.3744028581528629
2021-02-19 20:52:42.376116,1,0.8235582967565924,0.23556832440737763
2021-02-19 20:52:42.376116,2,1.165263023901403,0.7406194848506205
2021-02-19 20:52:42.376116,3,0.2218873196246065,0.39173987003223965
2021-02-19 20:52:42.539115,1,0.82727708236664,0.235063647077993
2021-02-19 20:52:42.539115,2,1.1655166651186928,0.742727356678531
2021-02-19 20:52:42.539115,3,0.22950707634460088,0.4147564160668037
2021-02-19 20:52:42.706115,1,0.826644000246996,0.2343392787350519
2021-02-19 20:52:42.707115,2,1.1661597103114985,0.7331840855216584
2021-02-19 20:52:42.707115,3,0.24371191415459464,0.44137197087805136
2021-02-19 20:52:42.865116,1,0.8182396204429073,0.2252526855896988
2021-02-19 20:52:42.865116,2,1.1682913888467525,0.7373436327515103
2021-02-19 20:52:42.865116,3,0.2625092478332888,0.4884665067557119
2021-02-19 20:52:43.038407,1,0.8237006463612042,0.2292722770388399
2021-02-19 20:52:43.038407,2,1.169845001997812,0.7404812547806201
2021-02-19 20:52:43.038407,3,0.2649934152395027,0.5077921256615612
2021-02-19 20:52:43.293406,1,0.8250910435448526,0.2339135926499888
2021-02-19 20:52:43.293406,2,1.1711780841103703,0.7435370667838749
2021-02-19 20:52:43.293406,3,0.274626324363992,0.536890524976055
2021-02-19 20:52:43.465408,1,0.8223769769161132,0.23391678855515297
2021-02-19 20:52:43.465408,2,1.1661530841549046,0.7372244358861553
2021-02-19 20:52:43.465408,3,0.2791881975927862,0.584241242711683
2021-02-19 20:52:43.620407,1,0.823798679086415,0.23279961911400737
2021-02-19 20:52:43.621405,2,1.1665596338929578,0.7403504939408657
2021-02-19 20:52:43.621405,3,0.28238188330606895,0.6112449206899315
2021-02-19 20:52:43.802406,1,0.8242437059994162,0.23714768145689114
2021-02-19 20:52:43.802406,2,1.1667105959836936,0.7434379611055644
2021-02-19 20:52:43.802406,3,0.27955168731255703,0.6255300460991652
2021-02-19 20:52:43.971406,1,0.8268490445565471,0.23726570657429147
2021-02-19 20:52:43.971406,2,1.161081827608439,0.7379137829590368
2021-02-19 20:52:43.972406,3,0.2707972661214346,0.6477186320612043
2021-02-19 20:52:44.140226,1,0.8235495073974627,0.23961627087707593
2021-02-19 20:52:44.140226,2,1.16670501129474,0.7404206099543498
2021-02-19 20:52:44.141227,3,0.24960722373826436,0.6892328207587022
2021-02-19 20:52:44.377226,1,0.8204436301016882,0.2386024529692169
2021-02-19 20:52:44.377226,2,1.166772158564696,0.7441344483115402
2021-02-19 20:52:44.377226,3,0.24866735263386375,0.708118118338479
2021-02-19 20:52:44.547226,1,0.8193256414088097,0.24437353740762757
2021-02-19 20:52:44.547226,2,1.1608812336603282,0.7382526505079203
2021-02-19 20:52:44.547226,3,0.22733741424565457,0.7415046281695212
2021-02-19 20:52:44.716228,1,0.8182380220728461,0.24169471830220035
2021-02-19 20:52:44.716228,2,1.167028342389647,0.7410757832469979
2021-02-19 20:52:44.717260,3,0.21415171825332854,0.771401806909086
2021-02-19 20:52:44.892441,1,0.8233460045335081,0.2430982893596738
2021-02-19 20:52:44.892441,2,1.1607891644525226,0.7346205190324138
2021-02-19 20:52:44.892441,3,0.20521190234177628,0.7904791480298006
2021-02-19 20:52:45.065441,1,0.8246737083543186,0.2446562038646839
2021-02-19 20:52:45.066470,2,1.1666037064018466,0.7375178000299898
2021-02-19 20:52:45.066470,3,0.19045098133477292,0.807590452502272
2021-02-19 20:52:45.244440,1,0.8216742571151407,0.23893699872776586
2021-02-19 20:52:45.244440,2,1.1655075276874072,0.7397096443902711
2021-02-19 20:52:45.244440,3,0.170114885750422,0.8266810296767404
2021-02-19 20:52:45.488940,1,0.8200157960791797,0.23526246564939102
2021-02-19 20:52:45.488940,2,1.1640263319619462,0.7419040337178981
2021-02-19 20:52:45.488940,3,0.1581301147162666,0.8564682111299071
2021-02-19 20:52:45.657938,1,0.816445057970031,0.23636893507913803
2021-02-19 20:52:45.657938,2,1.1634447037557005,0.7347493380520422
2021-02-19 20:52:45.657938,3,0.15247770189313287,0.859398278989912
2021-02-19 20:52:45.831938,1,0.8176741118843527,0.237470899250247
2021-02-19 20:52:45.832937,2,1.1621216502654872,0.7372465705930736
2021-02-19 20:52:45.832937,3,0.1298879228183431,0.8654520411166827
2021-02-19 20:52:46.004938,1,0.8186951737436766,0.23846962768667235
2021-02-19 20:52:46.005963,2,1.1666333146078827,0.7389347580404044
2021-02-19 20:52:46.005963,3,0.1266775872836893,0.870124054598202
2021-02-19 20:52:46.181410,1,0.819984107559467,0.23979605891193234
2021-02-19 20:52:46.181410,2,1.1638712067088062,0.7404217627618104
2021-02-19 20:52:46.181410,3,0.1296217327621507,0.871917340450836
2021-02-19 20:52:46.365409,1,0.8189275162220466,0.23696739924779153
2021-02-19 20:52:46.365409,2,1.1661270815673255,0.7417632435474268
2021-02-19 20:52:46.366410,3,0.12823565429368514,0.880799301551102
2021-02-19 20:52:46.614408,1,0.8202820327840815,0.23835909775687403
2021-02-19 20:52:46.614408,2,1.15555669799889,0.7342388962391566
2021-02-19 20:52:46.614408,3,0.12751811285385667,0.8733554564816659
2021-02-19 20:52:46.798427,1,0.8219498018159704,0.24000817158326648
2021-02-19 20:52:46.798427,2,1.1570797582661767,0.736700489569978
2021-02-19 20:52:46.798427,3,0.1248504788463227,0.8681563244430273
2021-02-19 20:52:46.976440,1,0.820751315967084,0.23665370582140643
2021-02-19 20:52:46.976440,2,1.15818094495281,0.7393714437065189
2021-02-19 20:52:46.976440,3,0.1195634034848413,0.8609924358093475
2021-02-19 20:52:47.151425,1,0.8178519824781084,0.2385991897433899
2021-02-19 20:52:47.151425,2,1.1592493305615077,0.7419825656275187
2021-02-19 20:52:47.151425,3,0.122303851114188,0.8624713417864314
2021-02-19 20:52:47.325464,1,0.8194674385242379,0.2401880626398416
2021-02-19 20:52:47.326464,2,1.1550966399654052,0.7361430999744298
2021-02-19 20:52:47.326464,3,0.11696937963228185,0.8643080330987093
2021-02-19 20:52:47.502465,1,0.818301857859849,0.23680287044016635
2021-02-19 20:52:47.502465,2,1.1577958708641989,0.7393801607596101
2021-02-19 20:52:47.502465,3,0.12218987151008812,0.8639597470655411
2021-02-19 20:52:47.746424,1,0.8199608651173188,0.2383556267090685
2021-02-19 20:52:47.746424,2,1.160666233870694,0.7403427306536721
2021-02-19 20:52:47.746424,3,0.12055069007034142,0.8662420482842969
2021-02-19 20:52:47.925422,1,0.8213670412863808,0.24018362732947707
2021-02-19 20:52:47.926457,2,1.1626535517354786,0.7417291262464913
2021-02-19 20:52:47.926457,3,0.13229604161383862,0.8768334730466326
2021-02-19 20:52:48.108423,1,0.8200196957687068,0.236951780595689
2021-02-19 20:52:48.108423,2,1.1579695527850329,0.7337480693483539
2021-02-19 20:52:48.108423,3,0.13061288240998342,0.8812010679445713
2021-02-19 20:52:48.294423,1,0.8212876541034008,0.2384592499036775
2021-02-19 20:52:48.295455,2,1.1595080043617212,0.7362263243589995
2021-02-19 20:52:48.295455,3,0.1311053630730128,0.8777230973039483
2021-02-19 20:52:48.480423,1,0.8229341329364542,0.24077875604274335
2021-02-19 20:52:48.480423,2,1.161266569079806,0.7389372545294577
2021-02-19 20:52:48.480423,3,0.13518903732717177,0.8699648112828047
2021-02-19 20:52:48.680423,1,0.8167830706451605,0.23774616631132583
2021-02-19 20:52:48.681422,2,1.1631599368840169,0.7406502078140913
2021-02-19 20:52:48.681422,3,0.1405703495008079,0.8498559299336674
2021-02-19 20:52:48.930653,1,0.8183490960870083,0.23930695379665157
2021-02-19 20:52:48.930653,2,1.1651333547563616,0.7434704289387688
2021-02-19 20:52:48.931657,3,0.1452804868228326,0.8266107489659935
2021-02-19 20:52:49.102650,1,0.8173494120529959,0.23681986853417047
2021-02-19 20:52:49.102650,2,1.158803297803603,0.7391413660467807
2021-02-19 20:52:49.102650,3,0.157905936795134,0.7968428001654758
2021-02-19 20:52:49.286158,1,0.8197409168894082,0.23967908449538589
2021-02-19 20:52:49.286158,2,1.135988316811306,0.7331216119508212
2021-02-19 20:52:49.287162,3,0.1746953113763117,0.7776457419867412
2021-02-19 20:52:49.471160,1,0.8192806432947314,0.2372645915173759
2021-02-19 20:52:49.471160,2,1.0998027273275406,0.7165258045777223
2021-02-19 20:52:49.471160,3,0.18046620999980165,0.7332678439683811
2021-02-19 20:52:49.643879,1,0.8216626809602429,0.23986585610847444
2021-02-19 20:52:49.643879,2,1.049493582384437,0.6860102996881312
2021-02-19 20:52:49.643879,3,0.1911662225794678,0.686161901818702
2021-02-19 20:52:49.902878,1,0.8205265662932237,0.23719821389758466
2021-02-19 20:52:49.902878,2,1.0131822363029201,0.6625618947696978
2021-02-19 20:52:49.902878,3,0.19511653571329302,0.6631165581766534
2021-02-19 20:52:50.086881,1,0.8218714624869692,0.2388437558918597
2021-02-19 20:52:50.086881,2,0.95570068929368,0.6331630856005018
2021-02-19 20:52:50.086881,3,0.2166375970268961,0.6221349401067299
2021-02-19 20:52:50.268879,1,0.8159997598507274,0.23619568069354946
2021-02-19 20:52:50.268879,2,0.9334837914228948,0.6103965338549553
2021-02-19 20:52:50.268879,3,0.22309894098410163,0.6003361311211575
2021-02-19 20:52:50.455795,1,0.817403239003329,0.23801287128928594
2021-02-19 20:52:50.456796,2,0.8893872805702413,0.5806812102846675
2021-02-19 20:52:50.456796,3,0.2410171289989976,0.5519719175693498
2021-02-19 20:52:50.645480,1,0.8185867168349784,0.2395796433421784
2021-02-19 20:52:50.645480,2,0.8637371990755698,0.5572657132886266
2021-02-19 20:52:50.646480,3,0.2558146017755748,0.5299352837274702
2021-02-19 20:52:50.843483,1,0.8158783571971041,0.23393650461945348
2021-02-19 20:52:50.844480,2,0.8257440437742191,0.5293202704936315
2021-02-19 20:52:50.844480,3,0.26754872426596304,0.507014263928939
2021-02-19 20:52:51.088845,1,0.8189202645064457,0.23913283013497266
2021-02-19 20:52:51.088845,2,0.7786852715258877,0.4795462332656779
2021-02-19 20:52:51.088845,3,0.2885514841922319,0.4360358412240519
2021-02-19 20:52:51.286845,1,0.8170598689497468,0.23566397689502694
2021-02-19 20:52:51.286845,2,0.7466978659638015,0.4628655609834381
2021-02-19 20:52:51.286845,3,0.29363574529560854,0.4168972950505305
2021-02-19 20:52:51.466927,1,0.8179800817489614,0.23724167355823877
2021-02-19 20:52:51.466927,2,0.7128401641028134,0.43159058813935014
2021-02-19 20:52:51.466927,3,0.30289571704242607,0.3835726468382903
2021-02-19 20:52:51.656331,1,0.819211070080536,0.23926149230139548
2021-02-19 20:52:51.656331,2,0.6831287175264218,0.4010100327173064
2021-02-19 20:52:51.656331,3,0.31976470141765384,0.35813820179105293
2021-02-19 20:52:51.848859,1,0.8181331571022903,0.23687082084900846
2021-02-19 20:52:51.848859,2,0.6551719219333363,0.37778038487175547
2021-02-19 20:52:51.848859,3,0.322080986696897,0.34285337892572354
2021-02-19 20:52:52.112873,1,0.820266932299859,0.23948693544843758
2021-02-19 20:52:52.113873,2,0.6457287483272978,0.36133009754006395
2021-02-19 20:52:52.113873,3,0.3267364639289649,0.33032542753845373
2021-02-19 20:52:52.301895,1,0.8206504411588923,0.23925389924480556
2021-02-19 20:52:52.301895,2,0.6115746309186604,0.3400635009556171
2021-02-19 20:52:52.301895,3,0.33535552992422235,0.3101615443026502
2021-02-19 20:52:52.489912,1,0.8224932439107133,0.2423686059669713
2021-02-19 20:52:52.490913,2,0.5897279936504003,0.32406571071790624
2021-02-19 20:52:52.490913,3,0.3434319332317716,0.2928409132366918
2021-02-19 20:52:52.682830,1,0.825418862187253,0.24564088007937246
2021-02-19 20:52:52.683830,2,0.5695764915607738,0.3049865751587876
2021-02-19 20:52:52.683830,3,0.35011826295724885,0.27679036780265387
2021-02-19 20:52:52.879830,1,0.8255493356781849,0.24351814001142735
2021-02-19 20:52:52.879830,2,0.5319481553118167,0.28281265744525463
2021-02-19 20:52:52.879830,3,0.35104493248080176,0.25631759607062976
2021-02-19 20:52:53.146963,1,0.8245774551846545,0.24689913733842006
2021-02-19 20:52:53.146963,2,0.50909657804755,0.27822808974736346
2021-02-19 20:52:53.146963,3,0.35432087108247234,0.25417242312420285
2021-02-19 20:52:53.337961,1,0.8255997879965944,0.2453351174003644
2021-02-19 20:52:53.337961,2,0.4938589427126694,0.27313989814273865
2021-02-19 20:52:53.337961,3,0.359235971208205,0.26075335148548817
2021-02-19 20:52:53.535962,1,0.8217447975823321,0.2438902784200514
2021-02-19 20:52:53.536962,2,0.4908863403695422,0.2687631803277243
2021-02-19 20:52:53.536962,3,0.3622436919232173,0.2570795732207962
2021-02-19 20:52:53.733167,1,0.8224364271069318,0.2419775618751232
2021-02-19 20:52:53.733167,2,0.48596112159006,0.26714554567424487
2021-02-19 20:52:53.734166,3,0.3589763999399121,0.2535964663782777
2021-02-19 20:52:53.926168,1,0.8260201026504578,0.24519191585181366
2021-02-19 20:52:53.926168,2,0.4846889432619958,0.26586702546171137
2021-02-19 20:52:53.926168,3,0.3536206416378251,0.2491761285637435
2021-02-19 20:52:54.214168,1,0.8221824000985855,0.24377032450768743
2021-02-19 20:52:54.214168,2,0.48354691700190966,0.2648742496716623
2021-02-19 20:52:54.214168,3,0.35373370396451803,0.2462528613433893
2021-02-19 20:52:54.428167,1,0.8257776880433376,0.2468948129512495
2021-02-19 20:52:54.428167,2,0.48257535353472775,0.26429421955188903
2021-02-19 20:52:54.428167,3,0.3543869174924069,0.24339990803324618
2021-02-19 20:52:54.624168,1,0.8263857621747774,0.24509142984553
2021-02-19 20:52:54.624168,2,0.48305682250696014,0.2684676553563853
2021-02-19 20:52:54.624168,3,0.35641869062710696,0.2457919245667166
2021-02-19 20:52:54.822167,1,0.8192775746526954,0.2401327645316832
2021-02-19 20:52:54.822167,2,0.48161267508356376,0.26717496277855257
2021-02-19 20:52:54.822167,3,0.35770264197358836,0.24303201080682346
2021-02-19 20:52:55.019336,1,0.8174918131145479,0.23507579471625006
2021-02-19 20:52:55.019336,2,0.485675483928379,0.26389142505527063
2021-02-19 20:52:55.019336,3,0.3539050154726943,0.24579849622580063
2021-02-19 20:52:55.292325,1,0.8213740226429126,0.23869974214349887
2021-02-19 20:52:55.292325,2,0.48602460940486913,0.26573589144362975
2021-02-19 20:52:55.293357,3,0.354064617742228,0.24278895116591215
2021-02-19 20:52:55.491323,1,0.8247172442981029,0.24254305526905473
2021-02-19 20:52:55.491323,2,0.484446723063228,0.2630505999441205
2021-02-19 20:52:55.491323,3,0.3548221753085436,0.24630575023101753
2021-02-19 20:52:55.685324,1,0.8205582994193061,0.2409881655928483
2021-02-19 20:52:55.686324,2,0.48533760906599943,0.2655369196767242
2021-02-19 20:52:55.686324,3,0.3554840386671002,0.2470876664270244
2021-02-19 20:52:55.880323,1,0.821536199686344,0.23997715771725747
2021-02-19 20:52:55.881350,2,0.4864990520823355,0.2687329491358147
2021-02-19 20:52:55.881350,3,0.35719852411913583,0.2534937756615423
2021-02-19 20:52:56.117323,1,0.8225800851175469,0.23910120372704813
2021-02-19 20:52:56.118327,2,0.49724466869628325,0.2870539463116559
2021-02-19 20:52:56.118327,3,0.3693541289035229,0.27339482718470387
2021-02-19 20:52:56.397323,1,0.8187721429922291,0.23752071084050963
2021-02-19 20:52:56.398325,2,0.4961351126857927,0.30719627668671345
2021-02-19 20:52:56.398325,3,0.36812973120419695,0.29523235878698606
2021-02-19 20:52:56.599323,1,0.8224926432035378,0.24088382389937057
2021-02-19 20:52:56.599323,2,0.5014358469648457,0.35048401773965543
2021-02-19 20:52:56.599323,3,0.37184420048519057,0.32219513198936134
2021-02-19 20:52:56.820323,1,0.8234249220475882,0.23951454512352788
2021-02-19 20:52:56.821322,2,0.49831497213588904,0.3669411433000521
2021-02-19 20:52:56.821322,3,0.3758907704088486,0.35220356252087126
2021-02-19 20:52:57.019323,1,0.8199621180234363,0.23892728414236997
2021-02-19 20:52:57.019323,2,0.5034664762994995,0.4092247366258912
2021-02-19 20:52:57.019323,3,0.3895718940180793,0.4017560705734282
2021-02-19 20:52:57.217323,1,0.8213616964695293,0.2382456980049127
2021-02-19 20:52:57.218356,2,0.4973809667130517,0.44894389379440514
2021-02-19 20:52:57.218356,3,0.38916453507634363,0.43501545036359646
2021-02-19 20:52:57.497929,1,0.8245225943757589,0.24087259220157553
2021-02-19 20:52:57.498954,2,0.5193861485737593,0.49731813573759365
2021-02-19 20:52:57.498954,3,0.3958131172464305,0.49837951509100487
2021-02-19 20:52:57.709030,1,0.818362910497657,0.2355627281743452
2021-02-19 20:52:57.709030,2,0.5124750765010809,0.5435962370697163
2021-02-19 20:52:57.710034,3,0.3975463277838062,0.5366737776552559
2021-02-19 20:52:57.911039,1,0.8174750679318997,0.23138102503915492
2021-02-19 20:52:57.911039,2,0.5337968362283632,0.6012623090330618
2021-02-19 20:52:57.911039,3,0.4026061359180244,0.5938560535543196
2021-02-19 20:52:58.117092,1,0.8223420828448503,0.23641170310639692
2021-02-19 20:52:58.117092,2,0.5367425472324258,0.6394724592217154
2021-02-19 20:52:58.118126,3,0.4130198874109903,0.6304119520159663
2021-02-19 20:52:58.327099,1,0.822742307069666,0.24131538553959253
2021-02-19 20:52:58.328099,2,0.5415859200398021,0.6837275707901469
2021-02-19 20:52:58.328099,3,0.4215044275970653,0.6663612547842523
2021-02-19 20:52:58.613142,1,0.8248819969467883,0.2414738686292871
2021-02-19 20:52:58.613142,2,0.5443444123572728,0.7019354457238771
2021-02-19 20:52:58.613142,3,0.4273475937718536,0.6849567805077623
2021-02-19 20:52:58.819232,1,0.8205892326240425,0.2399563842520943
2021-02-19 20:52:58.820230,2,0.5526126010915122,0.7305508695471478
2021-02-19 20:52:58.820230,3,0.43816876684395173,0.7258977008766654
2021-02-19 20:52:59.023234,1,0.815373894769453,0.23364075664615913
2021-02-19 20:52:59.023234,2,0.5681772440290317,0.770227735218499
2021-02-19 20:52:59.023234,3,0.44562575016402173,0.7625830905604867
2021-02-19 20:52:59.224302,1,0.8126608645724311,0.23396712372839246
2021-02-19 20:52:59.224302,2,0.5819780938086477,0.8117523562515243
2021-02-19 20:52:59.224302,3,0.45410070967144456,0.794792786322507
2021-02-19 20:52:59.423628,1,0.814636595706941,0.23302457705712853
2021-02-19 20:52:59.423628,2,0.6031821333918872,0.8493095072995234
2021-02-19 20:52:59.424654,3,0.46968771939313003,0.8344655639625874
2021-02-19 20:52:59.695712,1,0.8120544893158408,0.23229126255977495
2021-02-19 20:52:59.695712,2,0.6310718375297735,0.9040170400421098
2021-02-19 20:52:59.696710,3,0.4834104218897457,0.8818877410257786
2021-02-19 20:52:59.895941,1,0.8172080493487635,0.23618522127973507
2021-02-19 20:52:59.895941,2,0.6437455478707347,0.9366092220519493
2021-02-19 20:52:59.896966,3,0.4908566722178979,0.9130268918527475
2021-02-19 20:53:00.104357,1,0.8198234440177458,0.24076116849610363
2021-02-19 20:53:00.104357,2,0.6633553358975983,0.9753394968803282
2021-02-19 20:53:00.104357,3,0.502720563814652,0.9461167859643679
2021-02-19 20:53:00.313335,1,0.8176497662871371,0.2362864867282154
2021-02-19 20:53:00.314338,2,0.6747980265991352,1.0025519498908781
2021-02-19 20:53:00.314338,3,0.5121401533037429,0.9689683854597215
2021-02-19 20:53:00.523557,1,0.8165266823761825,0.23335389029315856
2021-02-19 20:53:00.523557,2,0.684162518928756,1.0174597295079437
2021-02-19 20:53:00.523557,3,0.5148724607113068,0.979451415426735
2021-02-19 20:53:00.809652,1,0.8179034260675656,0.2321238220797266
2021-02-19 20:53:00.809652,2,0.6873901481411198,1.0234081750640485
2021-02-19 20:53:00.809652,3,0.515283514093615,1.0029550141690027
2021-02-19 20:53:01.022716,1,0.820574738637697,0.23335572248655656
2021-02-19 20:53:01.022716,2,0.6881964179637035,1.0243679585226726
2021-02-19 20:53:01.022716,3,0.5173603058822417,1.004849834163046
2021-02-19 20:53:01.235717,1,0.8227817294571024,0.24832707822280564
2021-02-19 20:53:01.236717,2,0.6888235468192206,1.0264437702148665
2021-02-19 20:53:01.236717,3,0.5209025100776353,1.0113450893232203
2021-02-19 20:53:01.440716,1,0.8335885212627258,0.27390055929673107
2021-02-19 20:53:01.441718,2,0.6891176334634842,1.0275977355850145
2021-02-19 20:53:01.441718,3,0.5144639015941359,1.005385235425705
2021-02-19 20:53:01.652716,1,0.8593271985765477,0.32162351546667733
2021-02-19 20:53:01.652716,2,0.6892478742147863,1.0267920892358737
2021-02-19 20:53:01.652716,3,0.5182758066138168,1.0114235245782792
2021-02-19 20:53:01.950109,1,0.8820810714692529,0.37030783381674326
2021-02-19 20:53:01.950109,2,0.688883510197756,1.0263533614725304
2021-02-19 20:53:01.950109,3,0.5198935183225296,1.0031360867135244
2021-02-19 20:53:02.170202,1,0.9067287931583907,0.4342124010010262
2021-02-19 20:53:02.170202,2,0.6878052123582694,1.0252792096915067
2021-02-19 20:53:02.170202,3,0.5098551895139706,1.0085323430569062
2021-02-19 20:53:02.393203,1,0.9226860524306574,0.48219463492104897
2021-02-19 20:53:02.393203,2,0.7030081536819975,1.0358588826043966
2021-02-19 20:53:02.394236,3,0.5055592158070915,1.0143989671346219
2021-02-19 20:53:02.601201,1,0.9447254793776467,0.5441164795211106
2021-02-19 20:53:02.601201,2,0.7521876957290501,1.0269676077815275
2021-02-19 20:53:02.601201,3,0.47476165212320465,1.0667128354005617
2021-02-19 20:53:02.820205,1,0.966921485874847,0.5902255495832673
2021-02-19 20:53:02.820205,2,0.7862556209620054,1.0112228342660645
2021-02-19 20:53:02.820205,3,0.4565309254805728,1.09209179063598
2021-02-19 20:53:03.124202,1,1.0166928744736075,0.6489731053771469
2021-02-19 20:53:03.125243,2,0.861486625788949,0.971896577024545
2021-02-19 20:53:03.125243,3,0.39724276708736955,1.1526550820403345
2021-02-19 20:53:03.357202,1,1.0437444047446318,0.6716743349536893
2021-02-19 20:53:03.357202,2,0.8923555569727053,0.9747038179670809
2021-02-19 20:53:03.357202,3,0.3880139381411697,1.1596068265116397
2021-02-19 20:53:03.580369,1,1.0858318384410754,0.7015961430281645
2021-02-19 20:53:03.581395,2,0.910384020639627,0.9353816568414056
2021-02-19 20:53:03.581395,3,0.3386634301440817,1.1993394128295862
2021-02-19 20:53:03.813151,1,1.1482489706250352,0.7121232463124643
2021-02-19 20:53:03.813151,2,0.9669665934457631,0.8934371503045482
2021-02-19 20:53:03.814189,3,0.2937377815853587,1.2380886301886975
2021-02-19 20:53:04.067285,1,1.180885516000433,0.713935689256231
2021-02-19 20:53:04.067285,2,1.0114056182895839,0.8540404434850122
2021-02-19 20:53:04.067285,3,0.23648426397196398,1.2496775832417248
2021-02-19 20:53:04.322287,1,1.180885516000433,0.713935689256231
2021-02-19 20:53:04.322287,2,1.0498668713853823,0.8283176055081146
2021-02-19 20:53:04.322287,3,0.19367899029430855,1.2885067681534004
2021-02-19 20:53:04.538284,1,1.180885516000433,0.713935689256231
2021-02-19 20:53:04.538284,2,1.1041269780467042,0.7886462073078384
2021-02-19 20:53:04.539310,3,0.12837207665179318,1.3139534062159348
2021-02-19 20:53:04.748285,1,1.180885516000433,0.713935689256231
2021-02-19 20:53:04.748285,2,1.1370693917166057,0.7619557405838668
2021-02-19 20:53:04.749395,3,0.0830138134719135,1.3390359232310562
2021-02-19 20:53:04.942133,1,1.180885516000433,0.713935689256231
2021-02-19 20:53:04.942133,2,1.162518090851755,0.7545981018643313
2021-02-19 20:53:04.942133,3,0.045532481692537374,1.3466627786923953
2021-02-19 20:53:05.164773,1,1.180885516000433,0.713935689256231
2021-02-19 20:53:05.164773,2,1.195050144128257,0.726000309958835
2021-02-19 20:53:05.164773,3,0.030650250669893055,1.3373843226657953
2021-02-19 20:53:05.390771,1,1.180885516000433,0.713935689256231
2021-02-19 20:53:05.390771,2,1.195050144128257,0.726000309958835
2021-02-19 20:53:05.390771,3,0.0234491247872651,1.3255064425101015
2021-02-19 20:53:05.541773,1,1.180885516000433,0.713935689256231
2021-02-19 20:53:05.541773,2,1.195050144128257,0.726000309958835
2021-02-19 20:53:05.542807,3,0.0234491247872651,1.3255064425101015
2021-02-19 20:53:05.693791,1,1.180885516000433,0.713935689256231
2021-02-19 20:53:05.693791,2,1.195050144128257,0.726000309958835
2021-02-19 20:53:05.693791,3,0.0234491247872651,1.3255064425101015
2021-02-19 20:53:05.847790,1,1.180885516000433,0.713935689256231
2021-02-19 20:53:05.847790,2,1.195050144128257,0.726000309958835
2021-02-19 20:53:05.847790,3,0.0234491247872651,1.3255064425101015
2021-02-19 20:53:05.996804,1,1.180885516000433,0.713935689256231
2021-02-19 20:53:05.997807,2,1.195050144128257,0.726000309958835
2021-02-19 20:53:05.997807,3,0.0234491247872651,1.3255064425101015
